{
  "title": "verify",
  "x-stoplight": {
    "id": "4990y9phrtyj8"
  },
  "type": "object",
  "properties": {
    "id": {
      "type": "string",
      "x-stoplight": {
        "id": "0dcojzt9txe6y"
      },
      "description": "Unique identifier in the request"
    },
    "request_id": {
      "$ref": "./request_id.json",
      "x-stoplight": {
        "id": "i27xkr5coc2kb"
      }
    },
    "store_id": {
      "$ref": "./store_id.json",
      "x-stoplight": {
        "id": "ygq7rc42xxh4h"
      }
    },
    "merchant_id": {
      "$ref": "./merchant_id.json",
      "x-stoplight": {
        "id": "em1x6axysahjo"
      }
    },
    "amount": {
      "$ref": "./amount.json",
      "x-stoplight": {
        "id": "lnzn265pfx0e0"
      }
    },
    "currency": {
      "x-stoplight": {
        "id": "kd8k8ousd98gd"
      },
      "enum": [
        "USD"
      ]
    }
  },
  "required": [
    "id",
    "store_id",
    "merchant_id",
    "amount",
    "currency"
  ]
}