{
  "title": "webhook_request",
  "x-stoplight": {
    "id": "hwt20ks3fa1jj"
  },
  "type": "object",
  "properties": {
    "id": {
      "type": "string",
      "x-stoplight": {
        "id": "koaduh2n661th"
      }
    },
    "timestamp": {
      "$ref": "./timestamp.json",
      "x-stoplight": {
        "id": "o94mhrto9zwka"
      }
    },
    "type": {
      "x-stoplight": {
        "id": "j8frux915jrog"
      },
      "enum": [
        "ORDER",
        "INVOICE",
        "APPLICATION",
        "LEAD"
      ]
    },
    "data": {
      "type": "object",
      "x-stoplight": {
        "id": "7fhdz7t09o796"
      },
      "properties": {
        "id": {
          "type": "string",
          "x-stoplight": {
            "id": "hvl69oynrz7mz"
          }
        },
        "store_id": {
          "$ref": "./store_id.json",
          "x-stoplight": {
            "id": "r0lsibpdxw1dl"
          }
        },
        "merchant_id": {
          "$ref": "./merchant_id.json",
          "x-stoplight": {
            "id": "kzjp3zlwia545"
          }
        },
        "amount": {
          "$ref": "./amount.json",
          "x-stoplight": {
            "id": "u73bgirbfp9jc"
          },
          "description": "This applies when status is READY_TO_FUND,\nFUNDING_INITIATED, FUNDING_REJECTED, FUNDED, REFUND_INITIATED, REFUND_REJECTED, REFUNDED."
        },
        "lender": {
          "type": "string",
          "x-stoplight": {
            "id": "zsnbowdkmo31n"
          }
        },
        "status": {
          "x-stoplight": {
            "id": "gumtwhkxg6a4o"
          },
          "enum": [
            "APPROVED",
            "PENDING",
            "CLEARED",
            "READY_TO_FUND",
            "FUNDING_INITIATED",
            "FUNDING_REJECTED",
            "FUNDED",
            "REFUND_INITIATED",
            "REFUND_REJECTED",
            "REFUNDED",
            "CANCELED",
            "DECLINED",
            "EXPIRED"
          ],
          "description": "- APPROVED: When a customer is approved, webhook contains offers presented to the customer\n- PENDING: When customer application is pending and requires manual review\n- CLEARED: When pending customer application gets cleared to proceed further.\n- READY_TO_FUND: When a customer signs the contract, webhook contains the offer selected by the customer\n- FUNDING_INITIATED: When the merchant initiates the funding request\n- FUNDING_REJECTED: When the lender rejects the funding request\n- FUNDED: When the amount is funded successfully to the merchant\n- REFUND_INITIATED: When the merchant initiates a partial or full loan refund\n- REFUND_REJECTED: When the lender rejects the refund request\n- REFUNDED: When the amount is refunded successfully to the lender\n- CANCELED: When the customer approved for cancellation and the loan is canceled\n- DECLINED: When a customer is declined\n- EXPIRED: When live offers or contract is expired"
        },
        "max_qualified_amount": {
          "$ref": "./amount.json",
          "x-stoplight": {
            "id": "829qxaksqotew"
          }
        },
        "offers": {
          "type": "array",
          "x-stoplight": {
            "id": "sw5isbqkiwkd7"
          },
          "items": {
            "$ref": "./offer.json",
            "x-stoplight": {
              "id": "9rb6f69mjktjh"
            }
          }
        },
        "selected_offer": {
          "$ref": "./offer.json",
          "x-stoplight": {
            "id": "h9um6ury4lpnr"
          }
        },
        "requires_stipulations": {
          "type": "boolean",
          "x-stoplight": {
            "id": "1lvg5r2tjwlq4"
          },
          "description": "Possible values: false (default)\ntrue: Approved but lender requires further verification."
        },
        "requires_review": {
          "type": "boolean",
          "x-stoplight": {
            "id": "00slpp7rhzl5m"
          },
          "description": "Possible values: true: In case of status marked as “pending”\nfalse\n\nDefault: true"
        },
        "merchant_data": {
          "$ref": "./merchant_data.json",
          "x-stoplight": {
            "id": "8p2rm2l000gwe"
          }
        },
        "expiry": {
          "type": "string",
          "x-stoplight": {
            "id": "eyrpohwpf7flx"
          }
        }
      }
    }
  },
  "required": [
    "id"
  ]
}